Room Name,Checkpoint,x,y
Forsaken City C - Room 00,1c-1,10,34
Forsaken City C - Room 01,1c-1,698,34
Forsaken City C - Room 02,1c-1,1642,10
Old Site C - Room 00,2c-1,10,90
Old Site C - Room 01,2c-1,330,10
Old Site C - Room 02,2c-1,746,66
Celestial Resort C - Room 00,3c-1,10,298
Celestial Resort C - Room 01,3c-1,242,114
Celestial Resort C - Room 02,3c-1,586,10
Golden Ridge C - Room 00,4c-1,10,434
Golden Ridge C - Room 01,4c-1,706,42
Golden Ridge C - Room 02,4c-1,1026,10
Mirror Temple C - Room 00,5c-1,10,50
Mirror Temple C - Room 01,5c-1,498,10
Mirror Temple C - Room 02,5c-1,818,26
Reflection C - Room 00,6c-1,10,18
Reflection C - Room 01,6c-1,634,10
Reflection C - Room 02,6c-1,954,682
The Summit C - Room 01,7c-1,10,458
The Summit C - Room 02,7c-1,618,210
The Summit C - Room 03,7c-1,1258,10
Core C - Room intro,8c-1,10,10
Core C - Room 00,8c-1,330,10
Core C - Room 01,8c-1,962,10
Core C - Room 02,8c-1,2082,10
