ID,Chapter,Side,Checkpoint,Room,Width,Height
0_a_0_-1,0,a,0,-1,320,184
0_a_0_0,0,a,0,0,448,184
0_a_0_0b,0,a,0,0b,432,184
0_a_0_1,0,a,0,1,464,200
0_a_0_2,0,a,0,2,320,184
0_a_0_3,0,a,0,3,992,184
0_a_0,maps,0,.,0_a_0,2544,368
1_a_0_1,1,a,0,1,320,184
1_a_2_10,1,a,2,10,320,224
1_a_2_10a,1,a,2,10a,320,224
1_a_2_10z,1,a,2,10z,320,184
1_a_2_10zb,1,a,2,10zb,320,184
1_a_2_11,1,a,2,11,408,264
1_a_2_11z,1,a,2,11z,320,184
1_a_2_12,1,a,2,12,416,232
1_a_2_12a,1,a,2,12a,320,344
1_a_2_12z,1,a,2,12z,320,200
1_a_0_2,1,a,0,2,320,184
1_a_0_3,1,a,0,3,320,184
1_a_0_3b,1,a,0,3b,320,184
1_a_0_4,1,a,0,4,320,184
1_a_0_5,1,a,0,5,320,288
1_a_0_5a,1,a,0,5a,320,200
1_a_0_5z,1,a,0,5z,320,288
1_a_1_6,1,a,1,6,320,184
1_a_1_6a,1,a,1,6a,392,192
1_a_1_6b,1,a,1,6b,320,288
1_a_1_6c,1,a,1,6c,320,184
1_a_1_6z,1,a,1,6z,320,184
1_a_1_6zb,1,a,1,6zb,320,184
1_a_1_7,1,a,1,7,320,216
1_a_1_7a,1,a,1,7a,368,216
1_a_1_7z,1,a,1,7z,320,200
1_a_1_7zb,1,a,1,7zb,384,184
1_a_1_8,1,a,1,8,320,184
1_a_1_8b,1,a,1,8b,320,184
1_a_1_8z,1,a,1,8z,320,304
1_a_1_8zb,1,a,1,8zb,320,216
1_a_1_9,1,a,1,9,320,184
1_a_2_9b,1,a,2,9b,320,184
1_a_2_9c,1,a,2,9c,320,184
1_a_1_9z,1,a,1,9z,320,192
1_a_2_end,1,a,2,end,320,184
1_a_1_s0,1,a,1,s0,320,232
1_a_1_s1,1,a,1,s1,736,184
1_b_0_00,1,b,0,00,320,184
1_b_0_01,1,b,0,01,320,184
1_b_0_02,1,b,0,02,344,184
1_b_0_02b,1,b,0,02b,400,192
1_b_0_03,1,b,0,03,440,280
1_b_1_04,1,b,1,04,344,192
1_b_1_05,1,b,1,05,392,184
1_b_1_05b,1,b,1,05b,376,184
1_b_1_06,1,b,1,06,344,200
1_b_1_07,1,b,1,07,320,344
1_b_2_08,1,b,2,08,320,184
1_b_2_08b,1,b,2,08b,432,184
1_b_2_09,1,b,2,09,320,392
1_b_2_10,1,b,2,10,496,192
1_b_2_11,1,b,2,11,320,720
1_b_2_end,1,b,2,end,768,184
1_c_0_00,1,c,0,00,688,184
1_c_0_01,1,c,0,01,944,184
1_c_0_02,1,c,0,02,1144,184
1_a_0,maps,1,.,1_a_0,1664,1208
1_a_1,maps,1,.,1_a_1,2904,1064
1_a_2,maps,1,.,1_a_2,1487,1199
1_b_0,maps,1,.,1_b_0,1512,1024
1_b_1,maps,1,.,1_b_1,1624,944
1_b_2,maps,1,.,1_b_2,2288,1744
1_c_0,maps,1,.,1_c_0,2776,208
10_a_1_a-00,10,a,1,a-00,320,184
10_a_1_a-01,10,a,1,a-01,432,184
10_a_1_a-02,10,a,1,a-02,320,184
10_a_1_a-03,10,a,1,a-03,456,184
10_a_1_a-04,10,a,1,a-04,792,184
10_a_1_a-05,10,a,1,a-05,704,184
10_a_1_b-00,10,a,1,b-00,440,184
10_a_1_b-01,10,a,1,b-01,440,184
10_a_1_b-02,10,a,1,b-02,320,184
10_a_1_b-03,10,a,1,b-03,704,280
10_a_1_b-04,10,a,1,b-04,320,184
10_a_1_b-05,10,a,1,b-05,616,184
10_a_1_b-06,10,a,1,b-06,752,488
10_a_1_b-07,10,a,1,b-07,320,208
10_a_2_c-00,10,a,2,c-00,808,512
10_a_2_c-00b,10,a,2,c-00b,984,184
10_a_2_c-01,10,a,2,c-01,520,184
10_a_2_c-02,10,a,2,c-02,976,184
10_a_2_c-03,10,a,2,c-03,320,392
10_a_2_c-alt-00,10,a,2,c-alt-00,1824,184
10_a_2_c-alt-01,10,a,2,c-alt-01,320,312
10_a_2_d-00,10,a,2,d-00,1080,632
10_a_2_d-01,10,a,2,d-01,1528,184
10_a_2_d-02,10,a,2,d-02,320,944
10_a_2_d-03,10,a,2,d-03,1528,184
10_a_2_d-04,10,a,2,d-04,1360,184
10_a_2_d-05,10,a,2,d-05,1008,184
10_a_3_e-00,10,a,3,e-00,320,424
10_a_3_e-00b,10,a,3,e-00b,320,400
10_a_2_e-00y,10,a,2,e-00y,320,984
10_a_2_e-00yb,10,a,2,e-00yb,320,784
10_a_3_e-00z,10,a,3,e-00z,624,432
10_a_3_e-01,10,a,3,e-01,320,608
10_a_3_e-02,10,a,3,e-02,744,184
10_a_3_e-03,10,a,3,e-03,320,184
10_a_3_e-04,10,a,3,e-04,800,184
10_a_3_e-05,10,a,3,e-05,392,184
10_a_3_e-05b,10,a,3,e-05b,320,184
10_a_3_e-05c,10,a,3,e-05c,480,184
10_a_3_e-06,10,a,3,e-06,872,184
10_a_3_e-07,10,a,3,e-07,752,184
10_a_3_e-08,10,a,3,e-08,1424,184
10_a_8_end-golden,10,a,8,end-golden,320,1960
10_a_4_f-00,10,a,4,f-00,976,192
10_a_4_f-01,10,a,4,f-01,440,272
10_a_4_f-02,10,a,4,f-02,616,216
10_a_4_f-03,10,a,4,f-03,464,192
10_a_4_f-04,10,a,4,f-04,624,184
10_a_4_f-05,10,a,4,f-05,624,384
10_a_4_f-06,10,a,4,f-06,752,184
10_a_4_f-07,10,a,4,f-07,1064,184
10_a_4_f-08,10,a,4,f-08,528,184
10_a_4_f-09,10,a,4,f-09,344,288
10_a_4_f-door,10,a,4,f-door,1000,184
10_a_4_g-00,10,a,4,g-00,320,472
10_a_4_g-01,10,a,4,g-01,320,312
10_a_4_g-02,10,a,4,g-02,912,184
10_a_4_g-03,10,a,4,g-03,592,184
10_a_4_g-04,10,a,4,g-04,872,184
10_a_4_g-05,10,a,4,g-05,320,184
10_a_4_g-06,10,a,4,g-06,2296,1312
10_a_5_h-00,10,a,5,h-00,600,184
10_a_5_h-00b,10,a,5,h-00b,1120,184
10_a_5_h-01,10,a,5,h-01,320,640
10_a_5_h-02,10,a,5,h-02,1256,184
10_a_5_h-03,10,a,5,h-03,320,184
10_a_5_h-03b,10,a,5,h-03b,800,184
10_a_5_h-04,10,a,5,h-04,320,1032
10_a_5_h-04b,10,a,5,h-04b,320,184
10_a_5_h-05,10,a,5,h-05,824,200
10_a_5_h-06,10,a,5,h-06,960,184
10_a_5_h-06b,10,a,5,h-06b,320,736
10_a_5_h-07,10,a,5,h-07,1912,184
10_a_5_h-08,10,a,5,h-08,640,256
10_a_5_h-09,10,a,5,h-09,1416,192
10_a_5_h-10,10,a,5,h-10,2896,1264
10_a_6_i-00,10,a,6,i-00,1384,184
10_a_6_i-00b,10,a,6,i-00b,592,184
10_a_6_i-01,10,a,6,i-01,560,184
10_a_6_i-02,10,a,6,i-02,728,184
10_a_6_i-03,10,a,6,i-03,552,184
10_a_6_i-04,10,a,6,i-04,608,184
10_a_6_i-05,10,a,6,i-05,952,184
10_a_0_intro-00-past,10,a,0,intro-00-past,1160,616
10_a_0_intro-01-future,10,a,0,intro-01-future,1104,616
10_a_0_intro-02-launch,10,a,0,intro-02-launch,320,1072
10_a_0_intro-03-space,10,a,0,intro-03-space,1288,184
10_a_7_j-00,10,a,7,j-00,1152,184
10_a_7_j-00b,10,a,7,j-00b,1608,184
10_a_7_j-01,10,a,7,j-01,1248,184
10_a_7_j-02,10,a,7,j-02,1536,184
10_a_7_j-03,10,a,7,j-03,1616,184
10_a_7_j-04,10,a,7,j-04,840,184
10_a_7_j-05,10,a,7,j-05,1256,184
10_a_7_j-06,10,a,7,j-06,1552,184
10_a_7_j-07,10,a,7,j-07,1752,184
10_a_7_j-08,10,a,7,j-08,1744,184
10_a_7_j-09,10,a,7,j-09,1592,184
10_a_7_j-10,10,a,7,j-10,1744,184
10_a_7_j-11,10,a,7,j-11,1448,184
10_a_7_j-12,10,a,7,j-12,2576,184
10_a_7_j-13,10,a,7,j-13,2672,184
10_a_7_j-14,10,a,7,j-14,1456,184
10_a_7_j-14b,10,a,7,j-14b,1088,184
10_a_7_j-15,10,a,7,j-15,1496,184
10_a_8_j-16,10,a,8,j-16,6144,2720
10_a_8_j-17,10,a,8,j-17,320,184
10_a_8_j-18,10,a,8,j-18,320,184
10_a_8_j-19,10,a,8,j-19,320,4624
10_a_0,maps,10,.,10_a_0,2976,1872
10_a_1,maps,10,.,10_a_1,6936,568
10_a_2,maps,10,.,10_a_2,5192,2392
10_a_3,maps,10,.,10_a_3,6455,2158
10_a_4,maps,10,.,10_a_4,11584,2144
10_a_5,maps,10,.,10_a_5,13318,2264
10_a_6,maps,10,.,10_a_6,5375,480
10_a_7,maps,10,.,10_a_7,6712,2501
10_a_8,maps,10,.,10_a_8,7243,7440
2_a_0_0,2,a,0,0,360,336
2_a_0_1,2,a,0,1,320,296
2_a_0_2,2,a,0,2,384,480
2_a_1_10,2,a,1,10,320,960
2_a_1_11,2,a,1,11,432,184
2_a_1_12,2,a,1,12,464,192
2_a_1_12b,2,a,1,12b,592,184
2_a_1_12c,2,a,1,12c,320,360
2_a_1_12d,2,a,1,12d,376,184
2_a_1_13,2,a,1,13,320,184
2_a_1_2,2,a,1,2,384,480
2_a_1_3,2,a,1,3,360,184
2_a_0_3x,2,a,0,3x,320,184
2_a_1_4,2,a,1,4,320,184
2_a_1_5,2,a,1,5,320,184
2_a_1_6,2,a,1,6,320,184
2_a_1_7,2,a,1,7,336,184
2_a_1_8,2,a,1,8,392,320
2_a_1_9,2,a,1,9,736,320
2_a_1_9b,2,a,1,9b,552,328
2_a_0_d0,2,a,0,d0,320,672
2_a_0_d1,2,a,0,d1,320,368
2_a_0_d2,2,a,0,d2,640,184
2_a_0_d3,2,a,0,d3,320,456
2_a_0_d4,2,a,0,d4,320,184
2_a_0_d5,2,a,0,d5,352,184
2_a_0_d6,2,a,0,d6,320,184
2_a_0_d7,2,a,0,d7,320,184
2_a_0_d8,2,a,0,d8,320,184
2_a_0_d9,2,a,0,d9,432,184
2_a_2_end_0,2,a,2,end_0,320,344
2_a_2_end_1,2,a,2,end_1,360,344
2_a_2_end_2,2,a,2,end_2,320,344
2_a_2_end_3,2,a,2,end_3,384,344
2_a_2_end_3b,2,a,2,end_3b,592,184
2_a_2_end_3c,2,a,2,end_3c,320,184
2_a_2_end_3cb,2,a,2,end_3cb,320,184
2_a_2_end_4,2,a,2,end_4,432,184
2_a_2_end_5,2,a,2,end_5,464,192
2_a_2_end_6,2,a,2,end_6,320,184
2_a_2_end_s0,2,a,2,end_s0,680,360
2_a_2_end_s1,2,a,2,end_s1,680,184
2_a_0_s0,2,a,0,s0,320,184
2_a_0_s1,2,a,0,s1,320,184
2_a_0_s2,2,a,0,s2,320,184
2_a_0_start,2,a,0,start,320,248
2_b_0_00,2,b,0,00,376,184
2_b_0_01,2,b,0,01,336,184
2_b_0_01b,2,b,0,01b,480,184
2_b_0_02,2,b,0,02,944,184
2_b_0_02b,2,b,0,02b,656,184
2_b_1_03,2,b,1,03,320,184
2_b_1_04,2,b,1,04,584,192
2_b_1_05,2,b,1,05,320,200
2_b_1_06,2,b,1,06,336,200
2_b_1_07,2,b,1,07,320,320
2_b_2_08,2,b,2,08,320,200
2_b_2_08b,2,b,2,08b,384,184
2_b_2_09,2,b,2,09,616,272
2_b_2_10,2,b,2,10,320,296
2_b_2_11,2,b,2,11,320,544
2_b_2_end,2,b,2,end,320,464
2_b_0_start,2,b,0,start,320,184
2_c_0_00,2,c,0,00,320,184
2_c_0_01,2,c,0,01,416,184
2_c_0_02,2,c,0,02,1992,184
2_a_0,maps,2,.,2_a_0,1960,1655
2_a_1,maps,2,.,2_a_1,2904,2272
2_a_2,maps,2,.,2_a_2,3192,888
2_b_0,maps,2,.,2_b_0,2864,799
2_b_1,maps,2,.,2_b_1,912,896
2_b_2,maps,2,.,2_b_2,1984,1688
2_c_0,maps,2,.,2_c_0,2728,264
3_a_0_00-a,3,a,0,00-a,640,184
3_a_0_00-b,3,a,0,00-b,320,184
3_a_0_00-c,3,a,0,00-c,320,184
3_a_3_00-d,3,a,3,00-d,320,184
3_a_0_01-b,3,a,0,01-b,320,184
3_a_2_01-c,3,a,2,01-c,320,184
3_a_0_02-a,3,a,0,02-a,320,184
3_a_0_02-b,3,a,0,02-b,320,184
3_a_2_02-c,3,a,2,02-c,640,184
3_a_2_02-d,3,a,2,02-d,960,184
3_a_0_03-a,3,a,0,03-a,640,184
3_a_2_03-b,3,a,2,03-b,320,184
3_a_0_04-b,3,a,0,04-b,320,184
3_a_2_04-c,3,a,2,04-c,320,184
3_a_2_04-d,3,a,2,04-d,640,184
3_a_0_05-a,3,a,0,05-a,320,184
3_a_0_05-c,3,a,0,05-c,320,368
3_a_0_06-a,3,a,0,06-a,320,184
3_a_0_06-b,3,a,0,06-b,320,184
3_a_0_06-c,3,a,0,06-c,640,184
3_a_2_06-d,3,a,2,06-d,640,184
3_a_0_07-a,3,a,0,07-a,320,184
3_a_0_07-b,3,a,0,07-b,320,184
3_a_1_08-a,3,a,1,08-a,320,184
3_a_0_08-b,3,a,0,08-b,320,184
3_a_0_08-c,3,a,0,08-c,320,184
3_a_2_08-d,3,a,2,08-d,320,184
3_a_1_08-x,3,a,1,08-x,640,184
3_a_1_09-b,3,a,1,09-b,640,368
3_a_2_09-d,3,a,2,09-d,320,368
3_a_0_0x-a,3,a,0,0x-a,320,184
3_a_0_0x-b,3,a,0,0x-b,320,184
3_a_1_10-c,3,a,1,10-c,320,184
3_a_1_10-d,3,a,1,10-d,320,184
3_a_1_10-x,3,a,1,10-x,320,184
3_a_1_10-y,3,a,1,10-y,320,184
3_a_1_10-z,3,a,1,10-z,320,184
3_a_1_11-a,3,a,1,11-a,640,184
3_a_1_11-b,3,a,1,11-b,320,184
3_a_1_11-c,3,a,1,11-c,320,184
3_a_1_11-d,3,a,1,11-d,320,184
3_a_1_11-x,3,a,1,11-x,320,184
3_a_1_11-y,3,a,1,11-y,320,184
3_a_1_11-z,3,a,1,11-z,320,184
3_a_1_12-b,3,a,1,12-b,320,184
3_a_1_12-c,3,a,1,12-c,320,184
3_a_1_12-d,3,a,1,12-d,336,184
3_a_1_12-x,3,a,1,12-x,320,184
3_a_1_12-y,3,a,1,12-y,320,184
3_a_1_13-a,3,a,1,13-a,320,184
3_a_1_13-b,3,a,1,13-b,320,184
3_a_1_13-x,3,a,1,13-x,320,184
3_a_3_roof00,3,a,3,roof00,808,184
3_a_3_roof01,3,a,3,roof01,416,184
3_a_3_roof02,3,a,3,roof02,464,184
3_a_3_roof03,3,a,3,roof03,976,184
3_a_3_roof04,3,a,3,roof04,336,184
3_a_3_roof05,3,a,3,roof05,816,184
3_a_3_roof06,3,a,3,roof06,2032,184
3_a_3_roof06b,3,a,3,roof06b,608,184
3_a_3_roof07,3,a,3,roof07,488,880
3_a_0_s0,3,a,0,s0,320,184
3_a_0_s1,3,a,0,s1,400,384
3_a_0_s2,3,a,0,s2,504,384
3_a_0_s3,3,a,0,s3,352,480
3_b_0_00,3,b,0,00,320,184
3_b_0_01,3,b,0,01,520,184
3_b_0_02,3,b,0,02,760,184
3_b_0_03,3,b,0,03,328,184
3_b_0_04,3,b,0,04,328,184
3_b_0_05,3,b,0,05,320,184
3_b_1_06,3,b,1,06,464,184
3_b_1_07,3,b,1,07,320,184
3_b_1_08,3,b,1,08,320,368
3_b_1_09,3,b,1,09,592,184
3_b_1_10,3,b,1,10,320,512
3_b_2_11,3,b,2,11,432,192
3_b_2_12,3,b,2,12,1048,184
3_b_2_13,3,b,2,13,624,184
3_b_2_14,3,b,2,14,432,228
3_b_2_15,3,b,2,15,320,192
3_b_3_16,3,b,3,16,320,184
3_b_3_17,3,b,3,17,664,184
3_b_3_18,3,b,3,18,768,184
3_b_3_19,3,b,3,19,432,184
3_b_3_20,3,b,3,20,576,184
3_b_3_21,3,b,3,21,776,184
3_b_0_back,3,b,0,back,1672,184
3_b_3_end,3,b,3,end,656,184
3_c_0_00,3,c,0,00,344,184
3_c_0_01,3,c,0,01,344,184
3_c_0_02,3,c,0,02,1576,184
3_a_0,maps,3,.,3_a_0,4780,680
3_a_1,maps,3,.,3_a_1,1920,1288
3_a_2,maps,3,.,3_a_2,2880,544
3_a_3,maps,3,.,3_a_3,6944,880
3_b_0,maps,3,.,3_b_0,4245,208
3_b_1,maps,3,.,3_b_1,1826,959
3_b_2,maps,3,.,3_b_2,2855,296
3_b_3,maps,3,.,3_b_3,3679,367
3_c_0,maps,3,.,3_c_0,2152,472
4_a_0_a-00,4,a,0,a-00,472,304
4_a_0_a-01,4,a,0,a-01,368,304
4_a_0_a-01x,4,a,0,a-01x,920,240
4_a_0_a-02,4,a,0,a-02,488,192
4_a_0_a-03,4,a,0,a-03,592,184
4_a_0_a-04,4,a,0,a-04,480,184
4_a_0_a-05,4,a,0,a-05,384,184
4_a_0_a-06,4,a,0,a-06,360,184
4_a_0_a-07,4,a,0,a-07,320,184
4_a_0_a-08,4,a,0,a-08,408,304
4_a_0_a-09,4,a,0,a-09,336,280
4_a_0_a-10,4,a,0,a-10,320,184
4_a_0_a-11,4,a,0,a-11,784,208
4_a_1_b-00,4,a,1,b-00,320,480
4_a_1_b-01,4,a,1,b-01,504,192
4_a_1_b-02,4,a,1,b-02,376,296
4_a_1_b-03,4,a,1,b-03,320,192
4_a_1_b-04,4,a,1,b-04,400,224
4_a_1_b-05,4,a,1,b-05,880,184
4_a_1_b-06,4,a,1,b-06,320,408
4_a_1_b-07,4,a,1,b-07,400,200
4_a_1_b-08,4,a,1,b-08,784,216
4_a_1_b-08b,4,a,1,b-08b,320,248
4_a_1_b-sec,4,a,1,b-sec,320,360
4_a_1_b-secb,4,a,1,b-secb,392,184
4_a_2_c-00,4,a,2,c-00,784,240
4_a_2_c-01,4,a,2,c-01,320,184
4_a_2_c-02,4,a,2,c-02,384,184
4_a_2_c-04,4,a,2,c-04,528,184
4_a_2_c-05,4,a,2,c-05,688,216
4_a_2_c-06,4,a,2,c-06,320,632
4_a_2_c-06b,4,a,2,c-06b,320,184
4_a_2_c-07,4,a,2,c-07,520,224
4_a_2_c-08,4,a,2,c-08,320,600
4_a_2_c-09,4,a,2,c-09,800,184
4_a_2_c-10,4,a,2,c-10,320,512
4_a_3_d-00,4,a,3,d-00,432,184
4_a_3_d-00b,4,a,3,d-00b,512,360
4_a_3_d-01,4,a,3,d-01,320,184
4_a_3_d-02,4,a,3,d-02,376,192
4_a_3_d-03,4,a,3,d-03,328,184
4_a_3_d-04,4,a,3,d-04,816,184
4_a_3_d-05,4,a,3,d-05,368,184
4_a_3_d-06,4,a,3,d-06,568,184
4_a_3_d-07,4,a,3,d-07,552,184
4_a_3_d-08,4,a,3,d-08,368,344
4_a_3_d-09,4,a,3,d-09,1408,184
4_a_3_d-10,4,a,3,d-10,1360,928
4_b_0_a-00,4,b,0,a-00,504,184
4_b_0_a-01,4,b,0,a-01,624,184
4_b_0_a-02,4,b,0,a-02,504,200
4_b_0_a-03,4,b,0,a-03,1144,184
4_b_0_a-04,4,b,0,a-04,544,184
4_b_1_b-00,4,b,1,b-00,424,184
4_b_1_b-01,4,b,1,b-01,600,200
4_b_1_b-02,4,b,1,b-02,320,904
4_b_1_b-03,4,b,1,b-03,432,184
4_b_1_b-04,4,b,1,b-04,536,184
4_b_2_c-00,4,b,2,c-00,968,192
4_b_2_c-01,4,b,2,c-01,720,184
4_b_2_c-02,4,b,2,c-02,960,184
4_b_2_c-03,4,b,2,c-03,320,1040
4_b_2_c-04,4,b,2,c-04,656,184
4_b_3_d-00,4,b,3,d-00,896,184
4_b_3_d-01,4,b,3,d-01,992,216
4_b_3_d-02,4,b,3,d-02,728,192
4_b_3_d-03,4,b,3,d-03,1872,184
4_b_3_end,4,b,3,end,544,232
4_c_0_00,4,c,0,00,696,184
4_c_0_01,4,c,0,01,320,552
4_c_0_02,4,c,0,02,2568,184
4_a_0,maps,4,.,4_a_0,4792,1176
4_a_1,maps,4,.,4_a_1,2128,1176
4_a_2,maps,4,.,4_a_2,4504,2216
4_a_3,maps,4,.,4_a_3,7408,1192
4_b_0,maps,4,.,4_b_0,3320,423
4_b_1,maps,4,.,4_b_1,1968,1575
4_b_2,maps,4,.,4_b_2,3400,1222
4_b_3,maps,4,.,4_b_3,5031,296
4_c_0,maps,4,.,4_c_0,3584,608
5_a_0_a-00,5,a,0,a-00,480,184
5_a_0_a-00b,5,a,0,a-00b,456,224
5_a_0_a-00c,5,a,0,a-00c,512,296
5_a_0_a-00d,5,a,0,a-00d,416,224
5_a_0_a-00x,5,a,0,a-00x,696,632
5_a_0_a-01,5,a,0,a-01,496,624
5_a_0_a-02,5,a,0,a-02,320,184
5_a_0_a-03,5,a,0,a-03,320,184
5_a_0_a-04,5,a,0,a-04,320,184
5_a_0_a-05,5,a,0,a-05,464,320
5_a_0_a-06,5,a,0,a-06,320,232
5_a_0_a-07,5,a,0,a-07,320,184
5_a_0_a-08,5,a,0,a-08,320,344
5_a_0_a-09,5,a,0,a-09,320,184
5_a_0_a-10,5,a,0,a-10,320,184
5_a_0_a-11,5,a,0,a-11,320,184
5_a_0_a-12,5,a,0,a-12,400,272
5_a_0_a-13,5,a,0,a-13,320,184
5_a_0_a-14,5,a,0,a-14,320,200
5_a_0_a-15,5,a,0,a-15,320,184
5_a_1_b-00,5,a,1,b-00,568,184
5_a_1_b-01,5,a,1,b-01,648,368
5_a_1_b-01b,5,a,1,b-01b,368,184
5_a_1_b-01c,5,a,1,b-01c,320,184
5_a_1_b-02,5,a,1,b-02,320,680
5_a_1_b-03,5,a,1,b-03,320,184
5_a_1_b-04,5,a,1,b-04,320,216
5_a_1_b-05,5,a,1,b-05,320,184
5_a_1_b-06,5,a,1,b-06,1088,184
5_a_1_b-07,5,a,1,b-07,320,256
5_a_1_b-08,5,a,1,b-08,320,280
5_a_1_b-09,5,a,1,b-09,320,184
5_a_1_b-10,5,a,1,b-10,376,184
5_a_1_b-11,5,a,1,b-11,320,344
5_a_1_b-12,5,a,1,b-12,320,184
5_a_1_b-13,5,a,1,b-13,320,280
5_a_1_b-14,5,a,1,b-14,320,280
5_a_1_b-15,5,a,1,b-15,640,368
5_a_1_b-16,5,a,1,b-16,320,1032
5_a_1_b-17,5,a,1,b-17,408,264
5_a_1_b-18,5,a,1,b-18,320,184
5_a_1_b-19,5,a,1,b-19,1960,184
5_a_1_b-20,5,a,1,b-20,648,184
5_a_1_b-21,5,a,1,b-21,320,184
5_a_1_b-22,5,a,1,b-22,584,184
5_a_2_c-00,5,a,2,c-00,320,1032
5_a_2_c-01,5,a,2,c-01,544,184
5_a_2_c-01b,5,a,2,c-01b,320,184
5_a_2_c-01c,5,a,2,c-01c,408,184
5_a_2_c-07,5,a,2,c-07,472,184
5_a_2_c-08,5,a,2,c-08,376,184
5_a_2_c-08b,5,a,2,c-08b,376,184
5_a_2_c-09,5,a,2,c-09,320,184
5_a_2_c-10,5,a,2,c-10,320,184
5_a_2_c-11,5,a,2,c-11,320,184
5_a_2_c-12,5,a,2,c-12,320,184
5_a_2_c-13,5,a,2,c-13,656,184
5_a_3_d-00,5,a,3,d-00,320,520
5_a_3_d-01,5,a,3,d-01,640,552
5_a_3_d-02,5,a,3,d-02,352,184
5_a_3_d-03,5,a,3,d-03,336,184
5_a_3_d-04,5,a,3,d-04,656,368
5_a_3_d-05,5,a,3,d-05,352,336
5_a_3_d-06,5,a,3,d-06,352,336
5_a_3_d-07,5,a,3,d-07,320,312
5_a_3_d-09,5,a,3,d-09,320,184
5_a_3_d-10,5,a,3,d-10,336,184
5_a_3_d-13,5,a,3,d-13,376,184
5_a_3_d-15,5,a,3,d-15,640,552
5_a_3_d-19,5,a,3,d-19,320,488
5_a_3_d-19b,5,a,3,d-19b,320,400
5_a_3_d-20,5,a,3,d-20,368,184
5_a_4_e-00,5,a,4,e-00,568,184
5_a_4_e-01,5,a,4,e-01,320,184
5_a_4_e-02,5,a,4,e-02,376,184
5_a_4_e-03,5,a,4,e-03,512,184
5_a_4_e-04,5,a,4,e-04,496,184
5_a_4_e-05,5,a,4,e-05,320,184
5_a_4_e-06,5,a,4,e-06,664,184
5_a_4_e-07,5,a,4,e-07,688,184
5_a_4_e-08,5,a,4,e-08,568,184
5_a_4_e-09,5,a,4,e-09,440,184
5_a_4_e-10,5,a,4,e-10,712,256
5_a_4_e-11,5,a,4,e-11,1200,184
5_a_2_void,5,a,1,void,1208,368
5_b_0_a-00,5,b,0,a-00,320,184
5_b_0_a-01,5,b,0,a-01,1136,184
5_b_0_a-02,5,b,0,a-02,472,184
5_b_1_b-00,5,b,1,b-00,320,184
5_b_1_b-01,5,b,1,b-01,808,184
5_b_1_b-02,5,b,1,b-02,320,368
5_b_1_b-03,5,b,1,b-03,984,184
5_b_1_b-04,5,b,1,b-04,632,184
5_b_1_b-05,5,b,1,b-05,320,320
5_b_1_b-06,5,b,1,b-06,720,184
5_b_1_b-07,5,b,1,b-07,320,368
5_b_1_b-08,5,b,1,b-08,576,184
5_b_1_b-09,5,b,1,b-09,320,1032
5_b_2_c-00,5,b,2,c-00,320,1032
5_b_2_c-01,5,b,2,c-01,320,184
5_b_2_c-02,5,b,2,c-02,560,200
5_b_2_c-03,5,b,2,c-03,656,184
5_b_2_c-04,5,b,2,c-04,656,184
5_b_3_d-00,5,b,3,d-00,368,184
5_b_3_d-01,5,b,3,d-01,696,184
5_b_3_d-02,5,b,3,d-02,800,184
5_b_3_d-03,5,b,3,d-03,648,184
5_b_3_d-04,5,b,3,d-04,416,184
5_b_3_d-05,5,b,3,d-05,832,184
5_b_0_start,5,b,0,start,1032,224
5_c_0_00,5,c,0,00,488,184
5_c_0_01,5,c,0,01,320,184
5_c_0_02,5,c,0,02,1624,184
5_a_0,maps,5,.,5_a_0,3728,1711
5_a_1,maps,5,.,5_a_1,5911,1744
5_a_2,maps,5,.,5_a_2,4752,1152
5_a_3,maps,5,.,5_a_3,2296,1256
5_a_4,maps,5,.,5_a_4,6864,288
5_b_0,maps,5,.,5_b_0,2961,224
5_b_1,maps,5,.,5_b_1,2167,1768
5_b_2,maps,5,.,5_b_2,2511,1047
5_b_3,maps,5,.,5_b_3,3760,271
5_c_0,maps,5,.,5_c_0,2432,224
6_a_1_00,6,a,1,00,720,360
6_a_1_01,6,a,1,01,440,424
6_a_1_02,6,a,1,02,320,1000
6_a_1_02b,6,a,1,02b,320,680
6_a_1_03,6,a,1,03,320,192
6_a_2_04,6,a,2,04,640,1208
6_a_2_04b,6,a,2,04b,408,184
6_a_2_04c,6,a,2,04c,320,184
6_a_2_04d,6,a,2,04d,320,200
6_a_2_04e,6,a,2,04e,872,184
6_a_2_05,6,a,2,05,1112,336
6_a_2_06,6,a,2,06,1208,352
6_a_2_07,6,a,2,07,320,352
6_a_2_08a,6,a,2,08a,488,184
6_a_2_08b,6,a,2,08b,488,224
6_a_2_09,6,a,2,09,320,496
6_a_2_10a,6,a,2,10a,624,232
6_a_2_10b,6,a,2,10b,624,264
6_a_2_11,6,a,2,11,408,328
6_a_2_12a,6,a,2,12a,520,328
6_a_2_12b,6,a,2,12b,520,184
6_a_2_13,6,a,2,13,320,384
6_a_2_14a,6,a,2,14a,384,184
6_a_2_14b,6,a,2,14b,384,216
6_a_2_15,6,a,2,15,320,280
6_a_2_16a,6,a,2,16a,608,184
6_a_2_16b,6,a,2,16b,608,184
6_a_2_17,6,a,2,17,320,448
6_a_2_18a,6,a,2,18a,776,184
6_a_2_18b,6,a,2,18b,776,184
6_a_2_19,6,a,2,19,1160,376
6_a_2_20,6,a,2,20,1296,184
6_a_5_after-00,6,a,5,after-00,320,416
6_a_5_after-01,6,a,5,after-01,320,2000
6_a_5_after-02,6,a,5,after-02,384,256
6_a_3_b-00,6,a,3,b-00,632,184
6_a_3_b-00b,6,a,3,b-00b,320,408
6_a_3_b-00c,6,a,3,b-00c,320,184
6_a_3_b-01,6,a,3,b-01,760,264
6_a_3_b-02,6,a,3,b-02,512,1832
6_a_3_b-02b,6,a,3,b-02b,488,1232
6_a_3_b-03,6,a,3,b-03,2440,184
6_a_4_boss-00,6,a,4,boss-00,608,184
6_a_4_boss-01,6,a,4,boss-01,752,184
6_a_4_boss-02,6,a,4,boss-02,640,184
6_a_4_boss-03,6,a,4,boss-03,640,184
6_a_4_boss-04,6,a,4,boss-04,320,184
6_a_4_boss-05,6,a,4,boss-05,320,184
6_a_4_boss-06,6,a,4,boss-06,480,184
6_a_4_boss-07,6,a,4,boss-07,664,184
6_a_4_boss-08,6,a,4,boss-08,320,456
6_a_4_boss-09,6,a,4,boss-09,584,184
6_a_4_boss-10,6,a,4,boss-10,424,184
6_a_4_boss-11,6,a,4,boss-11,704,184
6_a_4_boss-12,6,a,4,boss-12,320,520
6_a_4_boss-13,6,a,4,boss-13,616,184
6_a_4_boss-14,6,a,4,boss-14,320,184
6_a_4_boss-15,6,a,4,boss-15,320,184
6_a_4_boss-16,6,a,4,boss-16,728,184
6_a_4_boss-17,6,a,4,boss-17,728,184
6_a_4_boss-18,6,a,4,boss-18,320,832
6_a_4_boss-19,6,a,4,boss-19,1720,184
6_a_4_boss-20,6,a,4,boss-20,728,184
6_a_0_start,6,a,0,start,320,3160
6_b_0_a-00,6,b,0,a-00,408,536
6_b_0_a-01,6,b,0,a-01,320,416
6_b_0_a-02,6,b,0,a-02,368,280
6_b_0_a-03,6,b,0,a-03,632,184
6_b_0_a-04,6,b,0,a-04,648,184
6_b_0_a-05,6,b,0,a-05,1056,184
6_b_0_a-06,6,b,0,a-06,1144,184
6_b_1_b-00,6,b,1,b-00,632,264
6_b_1_b-01,6,b,1,b-01,320,856
6_b_1_b-02,6,b,1,b-02,320,856
6_b_1_b-03,6,b,1,b-03,320,752
6_b_1_b-04,6,b,1,b-04,320,752
6_b_1_b-05,6,b,1,b-05,320,752
6_b_1_b-06,6,b,1,b-06,320,784
6_b_1_b-07,6,b,1,b-07,320,752
6_b_1_b-08,6,b,1,b-08,320,856
6_b_1_b-10,6,b,1,b-10,1176,184
6_b_2_c-00,6,b,2,c-00,584,184
6_b_2_c-01,6,b,2,c-01,584,184
6_b_2_c-02,6,b,2,c-02,744,208
6_b_2_c-03,6,b,2,c-03,792,184
6_b_2_c-04,6,b,2,c-04,376,504
6_b_3_d-00,6,b,3,d-00,1280,184
6_b_3_d-01,6,b,3,d-01,912,184
6_b_3_d-02,6,b,3,d-02,720,192
6_b_3_d-03,6,b,3,d-03,320,664
6_b_3_d-04,6,b,3,d-04,1904,184
6_b_3_d-05,6,b,3,d-05,1104,184
6_c_0_00,6,c,0,00,624,184
6_c_0_01,6,c,0,01,320,800
6_c_0_02,6,c,0,02,1784,648
6_a_0,maps,6,.,6_a_0,320,3160
6_a_1,maps,6,.,6_a_1,992,2464
6_a_2,maps,6,.,6_a_2,11696,1344
6_a_3,maps,6,.,6_a_3,4736,3600
6_a_4,maps,6,.,6_a_4,11032,3648
6_a_5,maps,6,.,6_a_5,384,2672
6_b_0,maps,6,.,6_b_0,3880,1504
6_b_1,maps,6,.,6_b_1,4232,5703
6_b_2,maps,6,.,6_b_2,3080,663
6_b_3,maps,6,.,6_b_3,5856,800
6_c_0,maps,6,.,6_c_0,2728,1320
7_a_0_a-00,7,a,0,a-00,688,184
7_a_0_a-01,7,a,0,a-01,320,264
7_a_0_a-02,7,a,0,a-02,360,264
7_a_0_a-02b,7,a,0,a-02b,320,232
7_a_0_a-03,7,a,0,a-03,664,184
7_a_0_a-04,7,a,0,a-04,320,336
7_a_0_a-04b,7,a,0,a-04b,320,184
7_a_0_a-05,7,a,0,a-05,768,216
7_a_0_a-06,7,a,0,a-06,448,752
7_a_1_b-00,7,a,1,b-00,320,240
7_a_1_b-01,7,a,1,b-01,608,184
7_a_1_b-02,7,a,1,b-02,320,440
7_a_1_b-02b,7,a,1,b-02b,320,488
7_a_1_b-02c,7,a,1,b-02c,376,184
7_a_1_b-02d,7,a,1,b-02d,320,224
7_a_1_b-02e,7,a,1,b-02e,320,184
7_a_1_b-03,7,a,1,b-03,320,248
7_a_1_b-04,7,a,1,b-04,320,184
7_a_1_b-05,7,a,1,b-05,368,192
7_a_1_b-06,7,a,1,b-06,320,320
7_a_1_b-07,7,a,1,b-07,320,184
7_a_1_b-08,7,a,1,b-08,800,200
7_a_1_b-09,7,a,1,b-09,432,1208
7_a_2_c-00,7,a,2,c-00,856,184
7_a_2_c-01,7,a,2,c-01,320,440
7_a_2_c-02,7,a,2,c-02,320,208
7_a_2_c-03,7,a,2,c-03,984,208
7_a_2_c-03b,7,a,2,c-03b,480,208
7_a_2_c-04,7,a,2,c-04,648,216
7_a_2_c-05,7,a,2,c-05,320,384
7_a_2_c-06,7,a,2,c-06,320,552
7_a_2_c-06b,7,a,2,c-06b,320,552
7_a_2_c-06c,7,a,2,c-06c,520,280
7_a_2_c-07,7,a,2,c-07,1040,216
7_a_2_c-07b,7,a,2,c-07b,320,432
7_a_2_c-08,7,a,2,c-08,960,184
7_a_2_c-09,7,a,2,c-09,320,1016
7_a_3_d-00,7,a,3,d-00,320,184
7_a_3_d-01,7,a,3,d-01,544,184
7_a_3_d-01b,7,a,3,d-01b,320,184
7_a_3_d-01c,7,a,3,d-01c,320,184
7_a_3_d-01d,7,a,3,d-01d,320,184
7_a_3_d-02,7,a,3,d-02,320,184
7_a_3_d-03,7,a,3,d-03,1056,184
7_a_3_d-03b,7,a,3,d-03b,1120,184
7_a_3_d-04,7,a,3,d-04,320,184
7_a_3_d-05,7,a,3,d-05,856,200
7_a_3_d-05b,7,a,3,d-05b,320,184
7_a_3_d-06,7,a,3,d-06,496,184
7_a_3_d-07,7,a,3,d-07,320,184
7_a_3_d-08,7,a,3,d-08,320,184
7_a_3_d-09,7,a,3,d-09,320,184
7_a_3_d-10,7,a,3,d-10,424,184
7_a_3_d-10b,7,a,3,d-10b,336,360
7_a_3_d-11,7,a,3,d-11,320,1040
7_a_4_e-00,7,a,4,e-00,544,184
7_a_4_e-00b,7,a,4,e-00b,432,184
7_a_4_e-01,7,a,4,e-01,368,184
7_a_4_e-01b,7,a,4,e-01b,536,184
7_a_4_e-01c,7,a,4,e-01c,792,184
7_a_4_e-02,7,a,4,e-02,520,184
7_a_4_e-03,7,a,4,e-03,320,368
7_a_4_e-04,7,a,4,e-04,544,184
7_a_4_e-05,7,a,4,e-05,952,200
7_a_4_e-06,7,a,4,e-06,1024,216
7_a_4_e-07,7,a,4,e-07,320,760
7_a_4_e-08,7,a,4,e-08,320,224
7_a_4_e-09,7,a,4,e-09,320,184
7_a_4_e-10,7,a,4,e-10,1104,184
7_a_4_e-10b,7,a,4,e-10b,568,360
7_a_4_e-11,7,a,4,e-11,584,224
7_a_4_e-12,7,a,4,e-12,344,208
7_a_4_e-13,7,a,4,e-13,320,1408
7_a_5_f-00,7,a,5,f-00,1416,200
7_a_5_f-01,7,a,5,f-01,320,240
7_a_5_f-02,7,a,5,f-02,320,184
7_a_5_f-02b,7,a,5,f-02b,1216,184
7_a_5_f-03,7,a,5,f-03,592,184
7_a_5_f-04,7,a,5,f-04,576,184
7_a_5_f-05,7,a,5,f-05,320,184
7_a_5_f-06,7,a,5,f-06,344,264
7_a_5_f-07,7,a,5,f-07,320,224
7_a_5_f-08,7,a,5,f-08,520,184
7_a_5_f-08b,7,a,5,f-08b,384,184
7_a_5_f-08c,7,a,5,f-08c,784,184
7_a_5_f-08d,7,a,5,f-08d,384,184
7_a_5_f-09,7,a,5,f-09,664,184
7_a_5_f-10,7,a,5,f-10,368,184
7_a_5_f-10b,7,a,5,f-10b,672,184
7_a_5_f-11,7,a,5,f-11,320,1896
7_a_6_g-00,7,a,6,g-00,592,1840
7_a_6_g-00b,7,a,6,g-00b,640,3256
7_a_6_g-01,7,a,6,g-01,2560,3256
7_a_6_g-02,7,a,6,g-02,504,952
7_a_6_g-03,7,a,6,g-03,2096,3256
7_b_0_a-00,7,b,0,a-00,704,184
7_b_0_a-01,7,b,0,a-01,448,384
7_b_0_a-02,7,b,0,a-02,944,184
7_b_0_a-03,7,b,0,a-03,320,1304
7_b_1_b-00,7,b,1,b-00,320,448
7_b_1_b-01,7,b,1,b-01,320,736
7_b_1_b-02,7,b,1,b-02,1528,184
7_b_1_b-03,7,b,1,b-03,320,1440
7_b_2_c-00,7,b,2,c-00,672,184
7_b_2_c-01,7,b,2,c-01,1632,184
7_b_2_c-02,7,b,2,c-02,688,184
7_b_2_c-03,7,b,2,c-03,320,1832
7_b_3_d-00,7,b,3,d-00,1016,184
7_b_3_d-01,7,b,3,d-01,616,184
7_b_3_d-02,7,b,3,d-02,624,184
7_b_3_d-03,7,b,3,d-03,320,1232
7_b_4_e-00,7,b,4,e-00,784,184
7_b_4_e-01,7,b,4,e-01,968,184
7_b_4_e-02,7,b,4,e-02,768,184
7_b_4_e-03,7,b,4,e-03,320,1136
7_b_5_f-00,7,b,5,f-00,688,184
7_b_5_f-01,7,b,5,f-01,912,184
7_b_5_f-02,7,b,5,f-02,616,208
7_b_5_f-03,7,b,5,f-03,320,1704
7_b_6_g-00,7,b,6,g-00,320,2304
7_b_6_g-01,7,b,6,g-01,1792,1208
7_b_6_g-02,7,b,6,g-02,2344,2696
7_b_6_g-03,7,b,6,g-03,1064,856
7_c_0_01,7,c,0,01,808,824
7_c_0_02,7,c,0,02,760,248
7_c_0_03,7,c,0,03,3608,200
7_a_0,maps,7,.,7_a_0,3568,1584
7_a_1,maps,7,.,7_a_1,3256,2551
7_a_2,maps,7,.,7_a_2,4384,2855
7_a_3,maps,7,.,7_a_3,4983,1408
7_a_4,maps,7,.,7_a_4,6599,3024
7_a_5,maps,7,.,7_a_5,6088,2256
7_a_6,maps,7,.,7_a_6,3000,12560
7_b_0,maps,7,.,7_b_0,2415,1439
7_b_1,maps,7,.,7_b_1,1848,2704
7_b_2,maps,7,.,7_b_2,2919,2287
7_b_3,maps,7,.,7_b_3,2575,1248
7_b_4,maps,7,.,7_b_4,2527,1511
7_b_5,maps,7,.,7_b_5,2535,1935
7_b_6,maps,7,.,7_b_6,2344,7064
7_c_0,maps,7,.,7_c_0,4856,1272
8_a_0_bridge,8,a,0,bridge,1008,184
8_a_0_inside,8,a,0,inside,320,184
8_a_0_outside,8,a,0,outside,320,184
8_a_0_secret,8,a,0,secret,320,184
8_a_0,maps,8,.,8_a_0,2263,272
9_a_0_00,9,a,0,00,320,184
9_a_0_01,9,a,0,01,752,376
9_a_0_02,9,a,0,02,552,184
9_a_0_0x,9,a,0,0x,320,184
9_a_1_a-00,9,a,1,a-00,608,192
9_a_1_a-01,9,a,1,a-01,408,184
9_a_1_a-02,9,a,1,a-02,440,184
9_a_1_a-03,9,a,1,a-03,320,392
9_a_1_b-00,9,a,1,b-00,320,184
9_a_1_b-01,9,a,1,b-01,424,184
9_a_1_b-02,9,a,1,b-02,576,184
9_a_1_b-03,9,a,1,b-03,448,184
9_a_1_b-04,9,a,1,b-04,840,184
9_a_1_b-05,9,a,1,b-05,864,184
9_a_1_b-06,9,a,1,b-06,376,184
9_a_1_b-07,9,a,1,b-07,320,320
9_a_1_b-07b,9,a,1,b-07b,320,672
9_a_2_c-00,9,a,2,c-00,920,184
9_a_2_c-00b,9,a,2,c-00b,416,184
9_a_2_c-01,9,a,2,c-01,664,184
9_a_2_c-02,9,a,2,c-02,960,184
9_a_2_c-03,9,a,2,c-03,936,184
9_a_2_c-03b,9,a,2,c-03b,920,184
9_a_2_c-04,9,a,2,c-04,616,184
9_a_3_d-00,9,a,3,d-00,320,320
9_a_3_d-01,9,a,3,d-01,320,696
9_a_3_d-02,9,a,3,d-02,320,632
9_a_3_d-03,9,a,3,d-03,320,560
9_a_3_d-04,9,a,3,d-04,320,568
9_a_3_d-05,9,a,3,d-05,320,568
9_a_3_d-06,9,a,3,d-06,320,464
9_a_3_d-07,9,a,3,d-07,320,1488
9_a_3_d-08,9,a,3,d-08,1480,184
9_a_3_d-09,9,a,3,d-09,608,184
9_a_3_d-10,9,a,3,d-10,824,184
9_a_3_d-10b,9,a,3,d-10b,896,184
9_a_3_d-10c,9,a,3,d-10c,1952,184
9_a_3_d-11,9,a,3,d-11,1320,184
9_a_3_space,9,a,3,space,2296,320
9_b_0_00,9,b,0,00,320,184
9_b_0_01,9,b,0,01,320,184
9_b_1_a-00,9,b,1,a-00,672,184
9_b_1_a-01,9,b,1,a-01,680,184
9_b_1_a-02,9,b,1,a-02,544,184
9_b_1_a-03,9,b,1,a-03,744,184
9_b_1_a-04,9,b,1,a-04,648,184
9_b_1_a-05,9,b,1,a-05,544,232
9_b_2_b-00,9,b,2,b-00,320,184
9_b_2_b-01,9,b,2,b-01,872,184
9_b_2_b-02,9,b,2,b-02,912,184
9_b_2_b-03,9,b,2,b-03,1008,184
9_b_2_b-04,9,b,2,b-04,688,184
9_b_2_b-05,9,b,2,b-05,1040,184
9_b_3_c-01,9,b,3,c-01,320,640
9_b_3_c-02,9,b,3,c-02,320,520
9_b_3_c-03,9,b,3,c-03,320,768
9_b_3_c-04,9,b,3,c-04,320,1640
9_b_3_c-05,9,b,3,c-05,1448,184
9_b_3_c-06,9,b,3,c-06,752,184
9_b_3_c-07,9,b,3,c-07,536,184
9_b_3_c-08,9,b,3,c-08,536,184
9_b_3_space,9,b,3,space,2056,320
9_c_0_00,9,c,0,00,632,184
9_c_0_01,9,c,0,01,1120,184
9_c_0_02,9,c,0,02,5272,184
9_c_0_intro,9,c,0,intro,320,184
9_a_0,maps,9,.,9_a_0,1944,384
9_a_1,maps,9,.,9_a_1,3864,1888
9_a_2,maps,9,.,9_a_2,4096,368
9_a_3,maps,9,.,9_a_3,9376,5528
9_b_0,maps,9,.,9_b_0,640,184
9_b_1,maps,9,.,9_b_1,3303,416
9_b_2,maps,9,.,9_b_2,4840,494
9_b_3,maps,9,.,9_b_3,5367,3879
9_c_0,maps,9,.,9_c_0,7344,184